"Designator","Footprint","Mid X","Mid Y","Ref X","Ref Y","Pad X","Pad Y","Layer","Rotation","Comment"
""
"C58","C_0402","1291.612mil","659.536mil","1291.612mil","659.536mil","1291.612mil","676.268mil","T","270.00","100n"
"R138","0402","1754.915mil","500mil","1754.915mil","500mil","1754.915mil","518.898mil","T","270.00","0R"
"R137","0402","1720.35mil","500mil","1720.35mil","500mil","1720.35mil","518.898mil","T","270.00","0R"
"R136","0402","1653.543mil","918.398mil","1653.543mil","918.398mil","1653.543mil","937.295mil","T","270.00","0R"
"R135","0402","1700.65mil","918.942mil","1700.65mil","918.942mil","1700.65mil","937.84mil","T","270.00","0R"
"R134","0402","1586.883mil","500mil","1586.883mil","500mil","1586.883mil","518.898mil","T","270.00","0R"
"R133","0402","1743.143mil","918.008mil","1743.143mil","918.008mil","1743.143mil","936.906mil","T","270.00","0R"
"R132","0402","1553.68mil","500mil","1553.68mil","500mil","1553.68mil","518.898mil","T","270.00","0R"
"R98","0402","1783.643mil","918.559mil","1783.643mil","918.559mil","1783.643mil","937.457mil","T","270.00","0R"
"R131","0402","2329mil","1151mil","2329mil","1151mil","2310.102mil","1151mil","B","360.00","100k"
"R130","0402","1498.36mil","2104.392mil","1498.36mil","2104.392mil","1498.36mil","2123.289mil","B","270.00","0R"
"C13","0603","2979.2mil","708.523mil","2979.2mil","708.523mil","3007.743mil","708.523mil","B","180.00","100p"
"C77","0805","214.872mil","1036.897mil","214.872mil","1036.897mil","249.321mil","1036.897mil","T","180.00","47u"
"C76","0805","214.872mil","971.349mil","214.872mil","971.349mil","249.321mil","971.349mil","T","180.00","47u"
"C75","0805","214.872mil","906.002mil","214.872mil","906.002mil","249.321mil","906.002mil","T","180.00","47u"
"C20","C_0402","2896.264mil","1079.945mil","2896.264mil","1079.945mil","2879.532mil","1079.945mil","T","360.00","100n"
"R102","0402","316.58mil","1791.97mil","316.58mil","1791.97mil","335.477mil","1791.97mil","T","180.00","53k6"
"FAN1","molex_2223-2021","2929.2mil","2011.261mil","2929.2mil","2011.261mil","2879.2mil","2011.261mil","T","0.00","MX-22-23-2021"
"C34","0402","308.231mil","1683.624mil","308.231mil","1683.624mil","327.128mil","1683.624mil","T","180.00","4n7"
"C32","1206","506.851mil","1869.399mil","506.851mil","1869.399mil","452.717mil","1869.399mil","T","360.00","2u2"
"C31","1206","506.851mil","1965.523mil","506.851mil","1965.523mil","452.717mil","1965.523mil","T","360.00","2u2"
"C30","1206","506.851mil","2061.646mil","506.851mil","2061.646mil","452.717mil","2061.646mil","T","360.00","2u2"
"C27","0402","635.287mil","1757.521mil","635.287mil","1757.521mil","654.185mil","1757.521mil","T","180.00","10n"
"C2","C_0402","3412.351mil","1267.906mil","3412.351mil","1267.906mil","3412.351mil","1251.174mil","B","90.00","100n"
"IC6","RNH0030A","1748.031mil","661.417mil","1748.031mil","661.417mil","1818.897mil","708.661mil","T","270.00","HD3SS3220"
"C61","C_0402","1216.809mil","658.552mil","1216.809mil","658.552mil","1216.809mil","675.284mil","T","270.00","100n"
"C14","C_0402","2921.325mil","1529.422mil","2921.325mil","1529.422mil","2921.325mil","1546.155mil","B","270.00","10p"
"C57","C_0402","1323.108mil","659.536mil","1323.108mil","659.536mil","1323.108mil","676.268mil","T","270.00","100n"
"IC1","RTL8211F","3287.467mil","1427.06mil","3287.467mil","1427.06mil","3385.892mil","1497.926mil","B","180.00","RTL8211F"
"J2","WE_7499110124","3346.457mil","708.661mil","3346.457mil","708.661mil","3571.457mil","688.583mil","T","180.00","7499110124"
"R75","0402","1952.756mil","674.781mil","1952.756mil","674.781mil","1952.756mil","693.678mil","B","270.00","909k"
"R51","0402","3075.86mil","1906.97mil","3075.86mil","1906.97mil","3075.86mil","1888.073mil","T","90.00","3M3"
"R50","0402","1710.403mil","1289.51mil","1710.403mil","1289.51mil","1691.505mil","1289.51mil","B","360.00","2k2"
"R49","0805","3776.076mil","1797.49mil","3776.076mil","1797.49mil","3776.076mil","1837.49mil","T","270.00","0R"
"R9","0402","3022.9mil","1214.462mil","3022.9mil","1214.462mil","3022.9mil","1233.36mil","B","270.00","4k7"
"R8","0402","2976.443mil","1320.761mil","2976.443mil","1320.761mil","2976.443mil","1339.659mil","B","270.00","4k7"
"R7","0402","3055.184mil","1360.131mil","3055.184mil","1360.131mil","3055.184mil","1379.029mil","B","270.00","4k7"
"Y1","TXC_7A","3346.522mil","1623.911mil","3346.522mil","1623.911mil","3419.357mil","1623.911mil","B","180.00","25MHz"
"RST1","TL3340AF160QG","81.693mil","496.063mil","78.74mil","496.063mil","125.984mil","447.835mil","T","270.00","TL3340AF160QG"
"ON/OFF","TL3340AF160QG","81.693mil","751.969mil","78.74mil","751.969mil","125.984mil","703.74mil","T","270.00","TL3340AF160QG"
"R100","0402","2378mil","771mil","2378mil","771mil","2378mil","752.102mil","T","90.00","1k54"
"R99","0603","2097.695mil","282.211mil","2097.695mil","282.211mil","2070.195mil","282.211mil","B","360.00","0R"
"R97","0402","1343.453mil","1127.371mil","1343.453mil","1127.371mil","1343.453mil","1146.268mil","B","270.00","0R"
"R96","0402","1460.359mil","2104.392mil","1460.359mil","2104.392mil","1460.359mil","2085.494mil","B","90.00","0R"
"R87","0402","2568.053mil","818.05mil","2568.053mil","818.05mil","2586.951mil","818.05mil","B","180.00","10k"
"R86","0402","2568.053mil","777.896mil","2568.053mil","777.896mil","2549.156mil","777.896mil","B","360.00","4k7"
"R84","0402","1901.574mil","673.228mil","1901.574mil","673.228mil","1901.574mil","654.331mil","B","90.00","0R"
"R83","0402","1559.055mil","673.228mil","1559.055mil","673.228mil","1559.055mil","654.331mil","B","90.00","0R"
"R82","0402","1791.338mil","811.024mil","1791.338mil","811.024mil","1772.441mil","811.024mil","B","360.00","4k7"
"R80","0402","1940.945mil","570.866mil","1940.945mil","570.866mil","1940.945mil","589.764mil","B","270.00","2k2"
"R79","0402","1901.574mil","570.866mil","1901.574mil","570.866mil","1901.574mil","589.764mil","B","270.00","2k2"
"R78","0402","1640.989mil","792.463mil","1640.989mil","792.463mil","1640.989mil","773.565mil","B","90.00","200k"
"R77","0402","2004.417mil","674.781mil","2004.417mil","674.781mil","2004.417mil","655.883mil","B","90.00","0R"
"R76","0402","2040.546mil","675.459mil","2040.546mil","675.459mil","2040.546mil","656.561mil","B","90.00","0R"
"R74","0402","1732.283mil","826.772mil","1732.283mil","826.772mil","1732.283mil","807.874mil","B","90.00","200k"
"R73","0603","488.662mil","448.04mil","488.662mil","448.04mil","488.662mil","475.54mil","B","270.00","5k6"
"R71","0402","720.945mil","349.615mil","720.945mil","349.615mil","702.048mil","349.615mil","B","360.00","0R"
"R70","0603","437.481mil","448.04mil","437.481mil","448.04mil","437.481mil","420.54mil","B","90.00","470R"
"R67","0805","2719.701mil","819.833mil","2719.701mil","819.833mil","2719.701mil","859.833mil","T","270.00","0R"
"R43","0402","3185.105mil","1627.848mil","3185.105mil","1627.848mil","3185.105mil","1646.745mil","B","270.00","0R"
"R42","0402","2874.081mil","1450.682mil","2874.081mil","1450.682mil","2855.184mil","1450.682mil","B","360.00","22R"
"R41","0402","3355.101mil","1136.153mil","3355.101mil","1136.153mil","3373.999mil","1136.153mil","B","180.00","0R"
"R20","0402","3047.31mil","1490.052mil","3047.31mil","1490.052mil","3047.31mil","1508.95mil","B","270.00","4k7"
"R59","0402","244.225mil","1810.548mil","244.225mil","1810.548mil","244.225mil","1791.65mil","T","90.00","49R9"
"R58","0402","3363.262mil","1828.23mil","3363.262mil","1828.23mil","3363.262mil","1847.128mil","T","270.00","10k"
"R56","1206","175.46mil","1131.13mil","175.46mil","1131.13mil","229.594mil","1131.13mil","T","360.00","0R"
"R55","0402","3111.294mil","1773.111mil","3111.294mil","1773.111mil","3111.294mil","1754.214mil","T","90.00","16k5"
"R53","0402","1710.403mil","1251.441mil","1710.403mil","1251.441mil","1691.505mil","1251.441mil","B","360.00","2k2"
"R52","0402","3075.86mil","1771.143mil","3075.86mil","1771.143mil","3075.86mil","1790.041mil","T","270.00","44k2"
"R48","0805","2617.459mil","821.905mil","2617.459mil","821.905mil","2617.459mil","861.905mil","T","270.00","0R"
"R46","0402","2913.451mil","852.257mil","2913.451mil","852.257mil","2932.349mil","852.257mil","T","180.00","10k"
"R45","0402","2912.288mil","890.57mil","2912.288mil","890.57mil","2893.39mil","890.57mil","T","360.00","2k"
"R44","0402","3435.11mil","1209.415mil","3435.11mil","1209.415mil","3435.11mil","1190.517mil","T","90.00","0R"
"R40","0402","2874.081mil","1308.95mil","2874.081mil","1308.95mil","2855.184mil","1308.95mil","B","360.00","22R"
"R39","0402","3374.081mil","1226.273mil","3374.081mil","1226.273mil","3374.081mil","1245.17mil","B","270.00","0R"
"R38","0402","2874.081mil","1344.383mil","2874.081mil","1344.383mil","2855.184mil","1344.383mil","B","360.00","22R"
"R37","0603","3597.166mil","1465.55mil","3597.166mil","1465.55mil","3597.166mil","1493.05mil","T","270.00","2k49"
"R36","0402","2875.652mil","1379.82mil","2875.652mil","1379.82mil","2856.754mil","1379.82mil","B","360.00","22R"
"R35","0402","2874.081mil","1415.249mil","2874.081mil","1415.249mil","2855.184mil","1415.249mil","B","360.00","22R"
"R34","0402","2874.081mil","1486.115mil","2874.081mil","1486.115mil","2855.184mil","1486.115mil","B","360.00","22R"
"R33","0402","3196.916mil","1226.273mil","3196.916mil","1226.273mil","3196.916mil","1207.375mil","B","90.00","0R"
"R32","0402","3338.648mil","1226.273mil","3338.648mil","1226.273mil","3338.648mil","1207.375mil","B","90.00","0R"
"R30","0402","3303.215mil","1226.273mil","3303.215mil","1226.273mil","3303.215mil","1207.375mil","B","90.00","0R"
"R29","0402","3267.782mil","1226.273mil","3267.782mil","1226.273mil","3267.782mil","1207.375mil","B","90.00","0R"
"R28","0402","3232.349mil","1226.273mil","3232.349mil","1226.273mil","3232.349mil","1207.375mil","B","90.00","0R"
"R27","0402","3161.483mil","1226.273mil","3161.483mil","1226.273mil","3161.483mil","1207.375mil","B","90.00","0R"
"R26","0402","2824.164mil","954.896mil","2824.164mil","954.896mil","2824.164mil","935.998mil","T","90.00","0R"
"R23","0402","3540.416mil","1722.385mil","3540.416mil","1722.385mil","3540.416mil","1741.283mil","B","270.00","4k7"
"R22","0402","3697.289mil","1556.99mil","3697.289mil","1556.99mil","3697.289mil","1538.092mil","B","90.00","4k7"
"R19","0402","3693.187mil","1660.723mil","3693.187mil","1660.723mil","3693.187mil","1679.621mil","B","270.00","4k7"
"R16","0402","3149.672mil","1627.848mil","3149.672mil","1627.848mil","3149.672mil","1608.95mil","B","90.00","10k"
"R6","0402","2957.823mil","1434.874mil","2957.823mil","1434.874mil","2957.823mil","1415.976mil","B","90.00","4k7"
"LED1","LED0603","413.323mil","370.591mil","413.323mil","370.591mil","440.823mil","370.591mil","B","180.00","KPT-1608EC"
"L10","0603","718.933mil","601.261mil","718.933mil","601.261mil","686.846mil","601.261mil","B","360.00","BLM18EG221SN1D"
"J4","694106106102","539.686mil","293.347mil","539.686mil","172.284mil","323.15mil","172.284mil","T","90.00","694106106102"
"L7","WE_7447798720","253.011mil","1394.444mil","253.011mil","1394.444mil","253.011mil","1555.861mil","T","270.00","WE_7447798720"
"L4","0603","2888.863mil","1025.976mil","2888.863mil","1025.976mil","2860.32mil","1025.976mil","T","0.00","BLM18PG330SN1D"
"L2","0603","3578.806mil","1553.045mil","3578.806mil","1553.045mil","3550.262mil","1553.045mil","T","360.00","BLM18PG330SN1D"
"J1","68715014522","1968.625mil","1697.203mil","1953.465mil","1673.228mil","1486.345mil","1658.228mil","B","360.00","68715014522"
"IC8","SC70-5","2037.411mil","197.291mil","2063.001mil","153.984mil","2063.001mil","153.984mil","B","90.00","TLV70018DCKT"
"IC5","TSOP-6","654.016mil","451.977mil","654.016mil","451.977mil","697.323mil","489.378mil","B","180.00","NCP380HSNAJAAT1G"
"IC4","LQFP-48","2297.609mil","760.857mil","2297.609mil","760.857mil","2463.948mil","869.125mil","B","180.00","FT2232D"
"IC3","WSON-10_4x4","468.83mil","1726.025mil","468.83mil","1726.025mil","547.57mil","1663.033mil","T","270.00","TPS54561-Q1"
"IC2","10-TDFN","3164.786mil","1890.914mil","3164.786mil","1890.914mil","3125.809mil","1930.284mil","T","360.00","MAX17502GATB+"
"F1","Fuse-1206","1366.014mil","900.205mil","1429.006mil","900.205mil","1429.006mil","900.205mil","T","180.00","Value"
"D10","SOD-323","468.977mil","211.819mil","468.977mil","211.819mil","468.977mil","253.355mil","B","360.00","1N4148WS"
"D9","SOT-3","1618.591mil","136.659mil","1618.591mil","136.659mil","1604.812mil","153.392mil","B","0.00","TPD2E009DRTR"
"D8","SOT-3","1696.868mil","145.357mil","1696.868mil","145.357mil","1710.647mil","128.625mil","B","180.00","TPD2E009DRTR"
"D7","TPD4E05U06_PASS","1781.82mil","426.678mil","1781.82mil","426.678mil","1742.45mil","411.52mil","T","360.00","TPD4E05U06"
"D6","TPD4E05U06_PASS","1610.188mil","426.678mil","1610.188mil","426.678mil","1570.818mil","441.835mil","T","360.00","TPD4E05U06"
"D2","SOT-3","3370.11mil","282.795mil","3370.11mil","282.795mil","3383.889mil","266.063mil","B","180.00","TPD2E009DRTR"
"D1","PowerDI","112.33mil","1789.554mil","112.33mil","1711.554mil","75.33mil","1867.554mil","T","90.00","PDS760-13"
"C66","C_0402","917.777mil","377.01mil","917.777mil","377.01mil","917.777mil","393.742mil","B","270.00","4u7"
"C65","C_0402","958.942mil","377.01mil","958.942mil","377.01mil","958.942mil","393.742mil","B","270.00","4u7"
"C56","C_0402","1842.519mil","500mil","1842.519mil","500mil","1842.519mil","483.268mil","T","90.00","100n"
"C55","C_0402","1811.023mil","500mil","1811.023mil","500mil","1811.023mil","483.268mil","T","90.00","100n"
"C52","C_0402","1673.228mil","500mil","1673.228mil","500mil","1673.228mil","483.268mil","T","90.00","100n"
"C50","C_0402","1641.732mil","500mil","1641.732mil","500mil","1641.732mil","483.268mil","T","90.00","100n"
"C44","0805","2003.937mil","783.465mil","2003.937mil","783.465mil","1969.488mil","783.465mil","B","360.00","47u"
"C43","0603","1583.864mil","782.578mil","1583.864mil","782.578mil","1583.864mil","811.121mil","B","270.00","100n"
"C42","0603","1871.377mil","163.632mil","1871.377mil","163.632mil","1899.92mil","163.632mil","B","180.00","10u"
"C40","1210","535.906mil","574.024mil","598.898mil","574.024mil","589.056mil","574.024mil","B","180.00","100u"
"C38","C_0402","2362mil","1011mil","2362mil","1011mil","2378.732mil","1011mil","B","180.00","100n"
"C3","C_0402","3192.979mil","1553.045mil","3192.979mil","1553.045mil","3192.979mil","1569.777mil","B","270.00","100n"
"C35","0603","3422.31mil","1759.765mil","3422.31mil","1759.765mil","3422.31mil","1731.222mil","T","90.00","2n2"
"C33","0603","3280.585mil","1824.293mil","3280.585mil","1824.293mil","3280.585mil","1795.75mil","T","90.00","470p"
"C29","0603","3178.223mil","1757.363mil","3178.223mil","1757.363mil","3178.223mil","1728.82mil","T","90.00","3n3"
"C28","C_0402","3036.49mil","1771.143mil","3036.49mil","1771.143mil","3036.49mil","1754.411mil","T","90.00","1u"
"C26","0603","515.794mil","1615.972mil","515.794mil","1615.972mil","544.337mil","1615.972mil","T","180.00","100n"
"C25","1210","3566.905mil","1768.036mil","3629.897mil","1768.036mil","3620.054mil","1768.036mil","T","180.00","22u"
"C24","1210","2942.979mil","1745.958mil","2942.979mil","1682.966mil","2942.979mil","1692.808mil","T","90.00","2u2"
"C23","C_0402","2807.618mil","1079.556mil","2807.618mil","1079.556mil","2790.886mil","1079.556mil","T","360.00","100n"
"C22","C_0402","3547.31mil","1336.509mil","3547.31mil","1336.509mil","3547.31mil","1353.241mil","T","270.00","100n"
"C21","0603","3594.554mil","1356.194mil","3594.554mil","1356.194mil","3594.554mil","1384.737mil","T","270.00","4u7"
"C19","0603","2991.225mil","994.48mil","2991.225mil","994.48mil","2991.225mil","965.937mil","T","90.00","4u7"
"C18","C_0402","3340.686mil","1117.562mil","3340.686mil","1117.562mil","3340.686mil","1100.829mil","T","90.00","100n"
"C17","0603","3397.327mil","1108.099mil","3397.327mil","1108.099mil","3397.327mil","1079.556mil","T","90.00","4u7"
"C16","C_0402","3578.806mil","1647.533mil","3578.806mil","1647.533mil","3562.073mil","1647.533mil","T","360.00","100n"
"C12","0603","3342.002mil","616.537mil","3342.002mil","616.537mil","3313.459mil","616.537mil","B","360.00","10n"
"C11","C_0402","3861.56mil","1362.957mil","3861.56mil","1362.957mil","3844.828mil","1362.957mil","T","360.00","100n"
"C10","1210","3815.315mil","1449.224mil","3752.323mil","1449.224mil","3762.166mil","1449.224mil","T","360.00","22u"
"C9","C_0402","3379.109mil","1670.203mil","3379.109mil","1670.203mil","3362.377mil","1670.203mil","T","360.00","27p"
"C8","C_0402","3299.278mil","1604.226mil","3299.278mil","1604.226mil","3299.278mil","1620.958mil","T","270.00","27p"
"C7","C_0402","3346.522mil","1604.226mil","3346.522mil","1604.226mil","3346.522mil","1620.958mil","T","270.00","100n"
"C6","C_0402","3468.57mil","1470.367mil","3468.57mil","1470.367mil","3485.302mil","1470.367mil","T","180.00","100n"
"C5","C_0402","3468.57mil","1418.733mil","3468.57mil","1418.733mil","3485.302mil","1418.733mil","T","180.00","100n"
"C1","C_0402","3444.947mil","1529.422mil","3444.947mil","1529.422mil","3461.68mil","1529.422mil","T","180.00","100n"
"M2","Edge-TPU-SOM-model","-2542.992mil","-1638.74mil","2063.308mil","2042.363mil","-2542.992mil","-1638.74mil","T","180.00","Value"
"R66","0402","2435.788mil","350.961mil","2435.788mil","350.961mil","2435.788mil","332.064mil","B","90.00","10k"
"R65","0402","2384.607mil","350.961mil","2384.607mil","350.961mil","2384.607mil","332.064mil","B","90.00","10k"
"R64","0402","2333.426mil","350.961mil","2333.426mil","350.961mil","2333.426mil","332.064mil","B","90.00","10k"
"R63","0402","2282.244mil","350.961mil","2282.244mil","350.961mil","2282.244mil","332.064mil","B","90.00","10k"
"R62","0402","2231.063mil","350.961mil","2231.063mil","350.961mil","2231.063mil","332.064mil","B","90.00","10k"
"R61","0402","2175.945mil","350.961mil","2175.945mil","350.961mil","2175.945mil","332.064mil","B","90.00","10k"
"R10","0402","2952.822mil","1556.982mil","2952.822mil","1556.982mil","2952.822mil","1575.879mil","B","270.00","4k7"
"R4","0402","1332.341mil","1620.185mil","1332.341mil","1620.185mil","1313.443mil","1620.185mil","B","360.00","2k"
"R3","0402","1332.341mil","1585.63mil","1332.341mil","1585.63mil","1313.443mil","1585.63mil","B","360.00","2k"
"R2","0402","1332.341mil","1553.383mil","1332.341mil","1553.383mil","1313.443mil","1553.383mil","B","360.00","2k"
"R60","0402","2030.276mil","358.835mil","2030.276mil","358.835mil","2030.276mil","377.733mil","B","270.00","10k"
"R1","0402","1332.341mil","1513.885mil","1332.341mil","1513.885mil","1313.443mil","1513.885mil","B","360.00","2k"
"L5","0603","3649.672mil","1356.194mil","3649.672mil","1356.194mil","3649.672mil","1384.738mil","T","270.00","BLM18PG330SN1D"
"L3","0603","3446.424mil","1106.536mil","3446.424mil","1106.536mil","3446.424mil","1077.992mil","T","90.00","BLM18PG330SN1D"
"J8","WE_685119136923","1142.006mil","194.969mil","1142.006mil","162.488mil","1283.738mil","304.221mil","T","360.00","685119136923"
"R95","0402","1067.203mil","402.646mil","1067.203mil","402.646mil","1067.203mil","421.544mil","T","270.00","5R6"
"R94","0402","1098.699mil","402.646mil","1098.699mil","402.646mil","1098.699mil","421.544mil","T","270.00","5R6"
"R93","0402","1142.006mil","402.646mil","1142.006mil","402.646mil","1142.006mil","421.544mil","T","270.00","5R6"
"R92","0402","1173.502mil","402.646mil","1173.502mil","402.646mil","1173.502mil","421.544mil","T","270.00","5R6"
"R91","0402","1220.746mil","402.646mil","1220.746mil","402.646mil","1220.746mil","421.544mil","T","270.00","5R6"
"R90","0402","1252.242mil","402.646mil","1252.242mil","402.646mil","1252.242mil","421.544mil","T","270.00","5R6"
"R89","0402","1291.612mil","402.646mil","1291.612mil","402.646mil","1291.612mil","421.544mil","T","270.00","5R6"
"R88","0402","1323.108mil","402.646mil","1323.108mil","402.646mil","1323.108mil","421.544mil","T","270.00","5R6"
"L9","0603","2956.693mil","204.724mil","2956.693mil","204.724mil","2956.693mil","172.638mil","T","90.00","BLM18SG121TN1D"
"L8","0805","2637.166mil","275.591mil","2677.165mil","275.591mil","2677.165mil","275.591mil","T","180.00","742792022"
"IC7","SON-15","1197.124mil","520.756mil","1197.124mil","520.756mil","1305.392mil","557.173mil","T","360.00","TPD8S009"
"D4","TPD6E05U06_PASS","2266.497mil","205.292mil","2266.497mil","205.292mil","2325.552mil","180.686mil","B","180.00","TPD6E05U06"
"D5","SOT-3","2799.213mil","307.087mil","2799.213mil","307.087mil","2785.433mil","290.354mil","T","0.00","TPD2E009DRTR"
"C64","C_0402","1059.329mil","659.536mil","1059.329mil","659.536mil","1059.329mil","676.268mil","T","270.00","100n"
"C63","C_0402","1138.069mil","659.536mil","1138.069mil","659.536mil","1138.069mil","676.268mil","T","270.00","100n"
"C62","C_0402","1090.825mil","659.536mil","1090.825mil","659.536mil","1090.825mil","676.268mil","T","270.00","100n"
"C60","C_0402","1169.565mil","659.536mil","1169.565mil","659.536mil","1169.565mil","676.268mil","T","270.00","100n"
"C59","C_0402","1248.305mil","659.536mil","1248.305mil","659.536mil","1248.305mil","676.268mil","T","270.00","100n"
"C37","0603","2455.473mil","197.418mil","2455.473mil","197.418mil","2455.473mil","168.875mil","B","90.00","1u"
"C4","C_0402","3181.168mil","1293.202mil","3181.168mil","1293.202mil","3181.168mil","1276.47mil","T","90.00","100n"
"C15","0603","3578.806mil","1600.289mil","3578.806mil","1600.289mil","3550.262mil","1600.289mil","T","360.00","4u7"
"J5","114-00841-68","2302.914mil","273.52mil","2526.339mil","95.056mil","2429.686mil","60.646mil","T","360.00","114-00841-68"
"J6","CON-Molex-047346-0001","2775.993mil","152.865mil","2624.993mil","169.503mil","2724.812mil","205.228mil","T","360.00","47346-0001"
"J7","CON-Molex-105450-0101","1696.85mil","177.657mil","1696.85mil","240.157mil","1578.74mil","290.158mil","T","0.00","105450-0101"
"C36","0402","244.222mil","1737.892mil","244.222mil","1737.892mil","244.222mil","1718.995mil","T","270.00","47p"
"C41","0603","396.26mil","529.683mil","396.26mil","529.683mil","367.716mil","529.683mil","B","360.00","1u"
"R101","0402","2568.053mil","856.717mil","2568.053mil","856.717mil","2586.951mil","856.717mil","B","180.00","10k"
"R103","0402","2480.937mil","1295.932mil","2480.937mil","1295.932mil","2462.039mil","1295.932mil","B","360.00","33R"
"R104","0402","2480.937mil","1251.312mil","2480.937mil","1251.312mil","2462.039mil","1251.312mil","B","360.00","33R"
"R105","0402","2533mil","1314mil","2533mil","1314mil","2533mil","1332.898mil","B","270.00","50R"
"R106","0402","2532mil","1233mil","2532mil","1233mil","2532mil","1214.102mil","B","90.00","50R"
"L1","ELLVGG4R7N","3812.482mil","1590.59mil","3812.482mil","1590.59mil","3773.112mil","1590.59mil","T","360.00","ELLVGG4R7N"
"R57","0402","635.287mil","1792.954mil","635.287mil","1792.954mil","616.39mil","1792.954mil","T","360.00","243k"
"R113","0402","308.327mil","1721.625mil","308.327mil","1721.625mil","291.594mil","1721.625mil","T","360.00","16k9"
"R114","0402","319.183mil","1829.19mil","319.183mil","1829.19mil","302.451mil","1829.19mil","T","360.00","10k2"
"C78","C_0402","2108.093mil","1007.264mil","2108.093mil","1007.264mil","2108.093mil","990.532mil","B","90.00","27p"
"C79","C_0402","2108.093mil","1084.793mil","2108.093mil","1084.793mil","2108.093mil","1101.525mil","B","270.00","27p"
"C80","C_0402","2352.485mil","829.755mil","2352.485mil","829.755mil","2335.752mil","829.755mil","T","360.00","100n"
"C81","C_0402","2287.767mil","812.972mil","2287.767mil","812.972mil","2287.767mil","796.24mil","T","90.00","100n"
"C82","C_0402","2484.874mil","1342.52mil","2484.874mil","1342.52mil","2468.142mil","1342.52mil","B","360.00","2p"
"C83","C_0402","2484.874mil","1208.661mil","2484.874mil","1208.661mil","2468.142mil","1208.661mil","B","360.00","2p"
"C84","C_0402","1326.844mil","1282.296mil","1326.844mil","1282.296mil","1343.576mil","1282.296mil","B","180.00","100n"
"C85","C_0402","1326.844mil","1242.198mil","1326.844mil","1242.198mil","1343.576mil","1242.198mil","B","180.00","100n"
"J9","CON-Molex-047346-0001","3357.53mil","154.843mil","3357.53mil","157.48mil","3408.711mil","207.205mil","B","90.00","47346-0001"
"JM0","DF40HC(3.0)-100DS-0.4V(51)","2674.726mil","1334.882mil","2674.726mil","1334.882mil","2735.355mil","1720.709mil","T","0.00","DF40HC(3.0)-100DS-0.4V(51)"
"JM1","DF40HC(3.0)-100DS-0.4V(51)","2063.308mil","2042.363mil","2063.308mil","2042.363mil","2449.135mil","1981.733mil","T","270.00","DF40HC(3.0)-100DS-0.4V(51)"
"JM3","DF40HC(3.0)-100DS-0.4V(51)","1166.457mil","1334.883mil","1166.457mil","1334.882mil","1227.087mil","1720.71mil","T","0.00","DF40HC(3.0)-100DS-0.4V(51)"
"L11","0805","3498.952mil","275.591mil","3458.952mil","275.591mil","3458.952mil","275.591mil","B","360.00","742792022"
"L12","0603","3162.667mil","204.724mil","3162.667mil","204.724mil","3162.667mil","172.638mil","B","90.00","BLM18SG121TN1D"
"R115","0402","1406.783mil","1182.829mil","1406.783mil","1182.829mil","1406.783mil","1163.932mil","B","90.00","1M"
"R117","0402","737.458mil","102.583mil","737.458mil","102.583mil","718.56mil","102.583mil","B","0.00","100k"
"C39","C_0402","2339mil","752mil","2339mil","752mil","2339mil","768.732mil","T","270.00","100n"
"L13","0603","1457.618mil","107.82mil","1457.618mil","107.82mil","1457.618mil","75.733mil","T","90.00","BLM18AG601SN1D"
"Q2","SOT-23","744.087mil","215.283mil","744.087mil","215.283mil","781.489mil","177.882mil","B","90.00","PMV32UP"
"R47","0402","1622.165mil","2091.137mil","1622.165mil","2091.137mil","1603.268mil","2091.137mil","B","360.00","0R"
"R118","0603","1133.206mil","176.028mil","1133.206mil","176.028mil","1133.206mil","203.528mil","B","270.00","1k8"
"R119","0603","1197.929mil","176.028mil","1197.929mil","176.028mil","1197.929mil","203.528mil","B","270.00","1k8"
"R120","0402","1274.972mil","160.735mil","1274.972mil","160.735mil","1293.87mil","160.735mil","B","180.00","0R"
"SW1","TDA02H0SB1","776.576mil","1926.326mil","776.576mil","1926.326mil","801.576mil","1776.326mil","T","180.00","TDA02H0SB1"
"R116","0402","658.089mil","262.994mil","658.089mil","262.994mil","658.089mil","244.096mil","B","90.00","10k"
"C67","C_0402","2114.642mil","193.702mil","2114.642mil","193.702mil","2114.642mil","210.435mil","B","270.00","1u"
"C68","C_0402","2160.824mil","233.575mil","2160.824mil","233.575mil","2160.824mil","216.843mil","B","90.00","1u"
"C86","C_0402","1361.032mil","893.431mil","1361.032mil","893.431mil","1361.032mil","910.163mil","B","270.00","100n"
"IC9","PTN5150","1444.687mil","982.282mil","1444.687mil","982.282mil","1409.254mil","974.408mil","B","0.00","PTN5150"
"R121","0402","1455.919mil","1090.675mil","1455.919mil","1090.675mil","1455.919mil","1071.777mil","B","90.00","10k"
"R122","0402","1304.312mil","1043.79mil","1304.312mil","1043.79mil","1323.209mil","1043.79mil","B","180.00","10k"
"R123","0402","1560.122mil","971.546mil","1560.122mil","971.546mil","1560.122mil","952.648mil","B","90.00","10k"
"R124","0402","1342.069mil","1003.582mil","1342.069mil","1003.582mil","1323.171mil","1003.582mil","B","0.00","5k11"
"R125","0402","1340.884mil","963.217mil","1340.884mil","963.217mil","1321.986mil","963.217mil","B","0.00","5k11"
"R126","0402","1540.194mil","1027.969mil","1540.194mil","1027.969mil","1521.296mil","1027.969mil","B","0.00","10k"
"R127","0402","1462.471mil","884.457mil","1462.471mil","884.457mil","1481.369mil","884.457mil","B","180.00","0R"
"R128","0402","1400.449mil","1072.67mil","1400.449mil","1072.67mil","1419.347mil","1072.67mil","B","180.00","0R"
"R129","0402","1400.603mil","1109.196mil","1400.603mil","1109.196mil","1419.501mil","1109.196mil","B","180.00","0R"
"Y2","Crystal_5x7mm","1971.046mil","1037.773mil","2020.258mil","913.758mil","1921.833mil","913.758mil","B","90.00","MQ-6.000-12-30/30/"
"R31","0402","3233.279mil","1043.76mil","3233.279mil","1043.76mil","3214.381mil","1043.76mil","B","360.00","220R"
"FAN2","B2B-PH-K-S(LF)(SN)","3185.983mil","2031.915mil","3185.985mil","2031.915mil","3146.614mil","2031.915mil","T","0.00","B2B-PH-K-S(LF)(SN)"
"L6","WE_744777122","3512.548mil","1992.054mil","3512.548mil","1992.054mil","3386.563mil","1992.054mil","T","0.00","744777122"
"Q1","NX5427001Z","2361mil","1251mil","2361mil","1251mil","2309.819mil","1201mil","B","90.00","NX5427001Z"
"C45","C_0402","2429mil","1154mil","2429mil","1154mil","2412.268mil","1154mil","B","360.00","100n"
"R68","0402","2431mil","1011.246mil","2431mil","1011.246mil","2449.898mil","1011.246mil","B","180.00","470R"

